;Name;PSNR_00;SSIM_00;LPIPS_00;tOF_00;tLP100_00
31;City_Test_control_10__1;26.786398;0.7660741;0.2081737;0.26040864;0.96021473
31;City_Test_control_10__2;26.786394;0.7660742;0.20817341;0.26040882;0.9602163
31;City_Test_control_10__3;26.786396;0.7660742;0.20817354;0.26040858;0.96022993
31;City_Test_control_10__4;26.786394;0.7660741;0.20817368;0.26040795;0.9602439
31;City_Test_control_10__5;26.786396;0.7660742;0.2081736;0.26040843;0.96022975
31;City_Test_control_10__6;26.786398;0.7660742;0.20817372;0.26040885;0.9602176
31;City_Test_control_10__7;26.786394;0.7660742;0.20817381;0.26040885;0.9602237
31;City_Test_control_10__8;26.786394;0.7660742;0.20817374;0.26040882;0.9602148
31;City_Test_control_10__9;26.786394;0.7660742;0.2081737;0.26040852;0.960209
31;City_Test_control_10__10;26.786396;0.7660742;0.20817378;0.26040834;0.9602038
31;City_Test_control_3__1;26.786396;0.76607406;0.20817369;0.2604083;0.96022433
31;City_Test_control_3__2;26.786396;0.7660741;0.20817365;0.26040912;0.9602075
31;City_Test_control_3__3;26.786396;0.7660742;0.20817366;0.26040894;0.96023625
31;City_Test_RSS_2_1_10__1;26.798933;0.76684517;0.20738083;0.26216593;0.9380024
31;City_Test_RSS_2_1_10__2;26.812233;0.7672796;0.2069905;0.26041612;0.89544475
31;City_Test_RSS_2_1_10__3;26.815674;0.7675345;0.20692115;0.2609397;0.88487864
31;City_Test_RSS_2_1_10__4;26.818151;0.76764935;0.20687006;0.2605631;0.8752308
31;City_Test_RSS_2_1_10__5;26.818075;0.7676783;0.20686202;0.2608421;0.8789982
31;City_Test_RSS_2_1_10__6;26.818586;0.76768357;0.20686105;0.2603884;0.8745036
31;City_Test_RSS_2_1_10__7;26.819262;0.7677106;0.20684646;0.26084456;0.871925
31;City_Test_RSS_2_1_10__8;26.819864;0.76766914;0.20683812;0.26062146;0.8692849
31;City_Test_RSS_2_1_10__9;26.819952;0.7676697;0.20683765;0.2610473;0.87011635
31;City_Test_RSS_2_1_10__10;26.82036;0.767654;0.2068295;0.260253;0.8677063
31;City_Test_RSS_RS_2_1_10__1;26.798933;0.7668451;0.20738095;0.26216653;0.9379746
31;City_Test_RSS_RS_2_1_10__2;27.20358;0.7803157;0.1898477;0.2641527;0.2052019
31;City_Test_RSS_RS_2_1_10__3;27.326511;0.7843039;0.1856455;0.25864822;0.19014625
31;City_Test_RSS_RS_2_1_10__4;27.40708;0.78742987;0.18398683;0.25829402;0.30436003
31;City_Test_RSS_RS_2_1_10__5;27.381552;0.7864054;0.18437603;0.25672936;0.25992653
31;City_Test_RSS_RS_2_1_10__6;27.38232;0.7865736;0.18477143;0.25938046;0.26362228
31;City_Test_RSS_RS_2_1_10__7;27.39084;0.78664595;0.18420595;0.25803605;0.27191693
31;City_Test_RSS_RS_2_1_10__8;27.408419;0.7875258;0.18402937;0.25834185;0.30857277
31;City_Test_RSS_RS_2_1_10__9;27.400187;0.7871704;0.1840554;0.25752473;0.2908991
31;City_Test_RSS_RS_2_1_10__10;27.39751;0.78716546;0.18439642;0.25893795;0.28637245
31;City_Test_RSS_RS_2_1_3__1;26.792889;0.76624835;0.2078831;0.2617469;0.9438614
31;City_Test_RSS_RS_2_1_3__2;27.200014;0.78002954;0.19002265;0.2638263;0.21108909
31;City_Test_RSS_RS_2_1_3__3;27.323704;0.7841013;0.18571673;0.2583242;0.18736304
31;City_Test_RSS_RS_RT_2_1_3__1;25.050804;0.61730736;0.33686396;0.8829247;7.490175
31;City_Test_RSS_RS_RT_2_1_3__2;25.337734;0.61552393;0.32228285;0.879633;4.058235
31;City_Test_RSS_RS_RT_2_1_3__3;25.413092;0.61643577;0.3186354;0.8776829;3.6051924
31;City_Test_RSS_RT_2_1_3__1;25.050804;0.6173073;0.336864;0.882924;7.4901977
31;City_Test_RSS_RT_2_1_3__2;25.087587;0.61843705;0.33545095;0.8828761;7.045175
31;City_Test_RSS_RT_2_1_3__3;25.100462;0.618966;0.3351539;0.88392776;6.9178495
31;City_Test_RSS_2_1_3__1;26.792889;0.76624835;0.20788318;0.2617454;0.94385564
31;City_Test_RSS_2_1_3__2;26.807049;0.7667426;0.20744638;0.25990131;0.90012896
31;City_Test_RSS_2_1_3__3;26.812473;0.76709265;0.20730326;0.26024023;0.89102495
31;City_Test_RSS_BB_2_1_3__1;26.772984;0.765895;0.20820178;0.26881602;0.95783806
31;City_Test_RSS_BB_2_1_3__2;26.785427;0.7661779;0.20796902;0.2669004;0.90878433
31;City_Test_RSS_BB_2_1_3__3;26.798697;0.76680666;0.20787065;0.26520583;0.89320374
31;City_Test_Salt_Noise_03_3__1;26.566366;0.7557081;0.24410369;0.28644815;7.4979014
31;City_Test_Salt_Noise_03_3__2;26.716915;0.760129;0.23377557;0.28490525;5.9265656
31;City_Test_Salt_Noise_03_3__3;26.781551;0.7624331;0.22698006;0.28210267;4.502662
31;City_Test_Gaussian_Noise_03_3__1;24.362284;0.5517968;0.49942267;0.53510207;36.365665
31;City_Test_Gaussian_Noise_03_3__2;25.710005;0.6369763;0.36115387;0.4164311;17.50969
31;City_Test_Gaussian_Noise_03_3__3;25.885256;0.64236176;0.34570315;0.40257126;11.032656
31;City_Test_sp_Noise_03_3__1;26.504261;0.75572723;0.25055197;0.28534323;8.970371
31;City_Test_sp_Noise_03_3__2;26.707838;0.75999516;0.2348399;0.28137505;6.29285
31;City_Test_sp_Noise_03_3__3;26.789173;0.7636536;0.2244059;0.27380186;4.247819
31;City_Test_Gaussian_Noise_03_BlurGaussian_1_5_3__1;22.658195;0.19311935;0.92763776;1.4971462;5.285824
31;City_Test_Gaussian_Noise_03_BlurGaussian_1_5_3__2;22.659096;0.19303437;0.92707366;1.497877;6.0049286
31;City_Test_Gaussian_Noise_03_BlurGaussian_1_5_3__3;22.659483;0.1931143;0.92793465;1.49823;6.218271
31;City_Test_Gaussian_Noise_03_BlurGaussian_05_03_3__1;25.242777;0.6167835;0.3740823;0.5707908;24.281359
31;City_Test_Gaussian_Noise_03_BlurGaussian_05_03_3__2;25.795479;0.63473123;0.34408885;0.4833378;18.553455
31;City_Test_Gaussian_Noise_03_BlurGaussian_05_03_3__3;25.946867;0.63631177;0.3368059;0.45652065;13.628104
31;City_Test_RSS_SS_ST_3__1;26.792889;0.76624835;0.20788327;0.26174635;0.9438542
31;City_Test_RSS_SS_ST_3__2;26.807049;0.76674277;0.20744672;0.2598997;0.90014374
31;City_Test_RSS_SS_ST_3__3;26.812473;0.7670926;0.20730342;0.26024073;0.89103705
31;City_Test_RSS_SS_3__1;26.792889;0.76624835;0.20788328;0.26174697;0.9438622
31;City_Test_RSS_SS_3__2;26.80705;0.76674265;0.20744656;0.25990126;0.90014255
31;City_Test_RSS_SS_3__3;26.812473;0.7670925;0.207303;0.26024145;0.891035
18;Patin_Test_RSS_RS_2_1_3__1;36.14758;0.9794067;0.026470928;0.2754668;0.15193662
18;Patin_Test_RSS_RS_2_1_3__2;36.21603;0.97988915;0.026029512;0.27888417;0.14241976
18;Patin_Test_RSS_RS_2_1_3__3;36.25579;0.98008066;0.026447993;0.28054342;0.1327136
18;Patin_Test_RSS_RS_RT_2_1_3__1;36.21085;0.9796881;0.026336253;0.28237706;0.19491324
18;Patin_Test_RSS_RS_RT_2_1_3__2;36.246258;0.9801135;0.026279142;0.2855215;0.15504713
18;Patin_Test_RSS_RS_RT_2_1_3__3;36.24266;0.9799108;0.026173271;0.2851997;0.15981057
18;Patin_Test_RSS_RT_2_1_3__1;36.210854;0.9796881;0.02633626;0.28237706;0.19492829
18;Patin_Test_RSS_RT_2_1_3__2;36.211353;0.9797147;0.026029054;0.2821107;0.18179473
18;Patin_Test_RSS_RT_2_1_3__3;36.21184;0.97972244;0.025965894;0.28212655;0.17814529
18;Patin_Test_RSS_2_1_3__1;36.147583;0.9794067;0.026470881;0.27546728;0.15193564
18;Patin_Test_RSS_2_1_3__2;36.14775;0.9794235;0.026437322;0.2754112;0.14927107
18;Patin_Test_RSS_2_1_3__3;36.149334;0.97943103;0.026403982;0.27576348;0.1470692
18;Patin_Test_RSS_BB_2_1_3__1;36.145016;0.979385;0.026523931;0.2867521;0.15728149
18;Patin_Test_RSS_BB_2_1_3__2;36.145386;0.9793995;0.026479062;0.2891094;0.15463619
18;Patin_Test_RSS_BB_2_1_3__3;36.147285;0.97940916;0.026457688;0.28892177;0.15150201
18;Patin_Test_Salt_Noise_03_3__1;34.54373;0.969621;0.22375105;1.0468616;21.488052
18;Patin_Test_Salt_Noise_03_3__2;35.30774;0.9700095;0.25548646;0.9244578;21.710587
18;Patin_Test_Salt_Noise_03_3__3;35.6128;0.969989;0.266907;0.7950705;21.875696
18;Patin_Test_Gaussian_Noise_03_3__1;32.819054;0.74650323;0.43967238;4.360679;35.030785
18;Patin_Test_Gaussian_Noise_03_3__2;33.541702;0.78233176;0.46104285;3.100786;27.353882
18;Patin_Test_Gaussian_Noise_03_3__3;34.102566;0.8213011;0.4523904;2.3294091;18.793983
18;Patin_Test_sp_Noise_03_3__1;35.721687;0.9765249;0.09466207;0.38165575;7.22769
18;Patin_Test_sp_Noise_03_3__2;35.72439;0.97392833;0.17639959;0.52165383;18.081062
18;Patin_Test_sp_Noise_03_3__3;35.874058;0.9741571;0.1822475;0.4776725;18.629547
18;Patin_Test_Gaussian_Noise_03_BlurGaussian_1_5_3__1;33.428104;0.9565441;0.16458142;0.9148892;2.3231435
18;Patin_Test_Gaussian_Noise_03_BlurGaussian_1_5_3__2;33.44272;0.9569426;0.15708533;0.91501826;4.1811514
18;Patin_Test_Gaussian_Noise_03_BlurGaussian_1_5_3__3;33.453583;0.95746076;0.15376909;0.91534436;4.6656723
18;Patin_Test_Gaussian_Noise_03_BlurGaussian_05_03_3__1;33.133163;0.7681364;0.38777447;4.3720493;35.969505
18;Patin_Test_Gaussian_Noise_03_BlurGaussian_05_03_3__2;34.154583;0.82722163;0.37990567;2.670031;34.29828
18;Patin_Test_Gaussian_Noise_03_BlurGaussian_05_03_3__3;34.788727;0.86914736;0.3797374;1.4836223;24.79706
18;Patin_Test_RSS_SS_ST_3__1;36.147575;0.9794067;0.026470851;0.27546728;0.15193498
18;Patin_Test_RSS_SS_ST_3__2;36.14775;0.9794235;0.026437389;0.27541;0.14926857
18;Patin_Test_RSS_SS_ST_3__3;36.149338;0.97943103;0.026403977;0.27576143;0.14705989
18;Patin_Test_RSS_SS_3__1;36.147575;0.9794067;0.02647089;0.2754665;0.15194272
18;Patin_Test_RSS_SS_3__2;36.14775;0.9794234;0.026437307;0.27540973;0.14927681
18;Patin_Test_RSS_SS_3__3;36.149338;0.97943103;0.026403984;0.27576068;0.14708051
31;city_oscuro_Test_control_10__1;26.874834;0.76809937;0.20592904;0.25528118;1.0104059
31;city_oscuro_Test_control_10__2;26.874834;0.7680994;0.20592901;0.25528052;1.010396
31;city_oscuro_Test_control_10__3;26.874834;0.7680994;0.20592894;0.25528073;1.0104104
31;city_oscuro_Test_control_10__4;26.874834;0.7680994;0.205929;0.25528073;1.010398
31;city_oscuro_Test_control_10__5;26.874834;0.7680994;0.20592903;0.25528076;1.0104126
31;city_oscuro_Test_control_10__6;26.874834;0.7680994;0.20592906;0.25528058;1.0103978
31;city_oscuro_Test_control_10__7;26.874834;0.7680995;0.20592907;0.2552807;1.0104141
31;city_oscuro_Test_control_10__8;26.874834;0.7680994;0.2059291;0.25528055;1.0104114
31;city_oscuro_Test_control_10__9;26.874834;0.7680994;0.2059291;0.25528046;1.0104162
31;city_oscuro_Test_control_10__10;26.874834;0.7680994;0.20592915;0.2552805;1.0104151
31;city_oscuro_Test_control_3__1;26.874834;0.7680995;0.20592882;0.2552796;1.0103961
31;city_oscuro_Test_control_3__2;26.87483;0.7680994;0.20592904;0.25528014;1.0104072
31;city_oscuro_Test_control_3__3;26.87483;0.7680994;0.20592901;0.25528088;1.0104127
31;city_oscuro_Test_RSS_2_1_10__1;26.887634;0.7688998;0.20507714;0.25707334;0.98465264
31;city_oscuro_Test_RSS_2_1_10__2;26.901882;0.7693345;0.20465162;0.2552626;0.93904155
31;city_oscuro_Test_RSS_2_1_10__3;26.90578;0.7695162;0.20461613;0.25680155;0.9299633
31;city_oscuro_Test_RSS_2_1_10__4;26.908466;0.7695371;0.20457554;0.2564778;0.92117685
31;city_oscuro_Test_RSS_2_1_10__5;26.908344;0.7695806;0.20454095;0.25668943;0.9198546
31;city_oscuro_Test_RSS_2_1_10__6;26.908998;0.76955336;0.20451926;0.25614452;0.91702634
31;city_oscuro_Test_RSS_2_1_10__7;26.90965;0.76957536;0.20450297;0.2564208;0.9149582
31;city_oscuro_Test_RSS_2_1_10__8;26.910126;0.76957357;0.20449112;0.25662547;0.9137051
31;city_oscuro_Test_RSS_2_1_10__9;26.910225;0.769579;0.2044807;0.25663644;0.9137346
31;city_oscuro_Test_RSS_2_1_10__10;26.910883;0.76961285;0.20446987;0.25623748;0.9121246
31;city_oscuro_Test_RSS_RS_2_1_10__1;26.887634;0.7688998;0.20507693;0.25707418;0.9846539
31;city_oscuro_Test_RSS_RS_2_1_10__2;27.294373;0.784474;0.1881025;0.26164663;0.23643027
31;city_oscuro_Test_RSS_RS_2_1_10__3;27.42102;0.78804964;0.1839717;0.25497854;0.16045055
31;city_oscuro_Test_RSS_RS_2_1_10__4;27.500038;0.79110473;0.18247408;0.25453517;0.24987215
31;city_oscuro_Test_RSS_RS_2_1_10__5;27.470762;0.7898396;0.18315575;0.2527908;0.20531724
31;city_oscuro_Test_RSS_RS_2_1_10__6;27.474287;0.79048693;0.18329597;0.25580424;0.20811935
31;city_oscuro_Test_RSS_RS_2_1_10__7;27.483702;0.79035187;0.18269084;0.2542873;0.2223581
31;city_oscuro_Test_RSS_RS_2_1_10__8;27.50118;0.7911569;0.18250805;0.25415534;0.2539182
31;city_oscuro_Test_RSS_RS_2_1_10__9;27.49092;0.790644;0.18275481;0.253286;0.2313254
31;city_oscuro_Test_RSS_RS_2_1_10__10;27.489735;0.79084337;0.1829152;0.25509712;0.2326179
31;city_oscuro_Test_RSS_RS_2_1_3__1;26.8819;0.76845205;0.2055629;0.25652978;0.992135
31;city_oscuro_Test_RSS_RS_2_1_3__2;27.290464;0.78429794;0.18835084;0.26118934;0.2415919
31;city_oscuro_Test_RSS_RS_2_1_3__3;27.417889;0.78791636;0.18411513;0.25461268;0.15640883
31;city_oscuro_Test_RSS_RS_RT_2_1_3__1;25.126093;0.62069726;0.32928818;0.8818414;7.5064406
31;city_oscuro_Test_RSS_RS_RT_2_1_3__2;25.421822;0.62282914;0.31458962;0.8796062;4.0973997
31;city_oscuro_Test_RSS_RS_RT_2_1_3__3;25.500566;0.6228879;0.31151193;0.8766005;3.6746068
31;city_oscuro_Test_RSS_RT_2_1_3__1;25.126093;0.6206972;0.32928795;0.88183886;7.5063925
31;city_oscuro_Test_RSS_RT_2_1_3__2;25.169716;0.62266296;0.3277799;0.88258874;7.017388
31;city_oscuro_Test_RSS_RT_2_1_3__3;25.184822;0.6229492;0.32733762;0.8843735;6.8753715
31;city_oscuro_Test_RSS_2_1_3__1;26.881899;0.76845205;0.20556292;0.256529;0.9921174
31;city_oscuro_Test_RSS_2_1_3__2;26.897058;0.7689646;0.20506641;0.25470647;0.94503695
31;city_oscuro_Test_RSS_2_1_3__3;26.903185;0.7692096;0.20496598;0.25611255;0.9361421
31;city_oscuro_Test_RSS_BB_2_1_3__1;26.866415;0.7678035;0.20567463;0.2608638;1.0044134
31;city_oscuro_Test_RSS_BB_2_1_3__2;26.879272;0.76827025;0.20535752;0.25927868;0.95206535
31;city_oscuro_Test_RSS_BB_2_1_3__3;26.888708;0.7686244;0.20530266;0.2584268;0.9368586
31;city_oscuro_Test_Salt_Noise_03_3__1;26.590254;0.7595215;0.24796054;0.28538555;8.159942
31;city_oscuro_Test_Salt_Noise_03_3__2;26.817135;0.7644184;0.23528454;0.2772216;6.5869513
31;city_oscuro_Test_Salt_Noise_03_3__3;26.891537;0.767446;0.22571005;0.27186325;4.796716
31;city_oscuro_Test_Gaussian_Noise_03_3__1;24.636953;0.5694281;0.4675325;0.5330062;35.33952
31;city_oscuro_Test_Gaussian_Noise_03_3__2;25.537172;0.6152923;0.4009917;0.46917036;19.096174
31;city_oscuro_Test_Gaussian_Noise_03_3__3;26.037624;0.6522415;0.33894005;0.41710207;12.738954
31;city_oscuro_Test_sp_Noise_03_3__1;26.691694;0.7607219;0.2331143;0.27505535;5.9487906
31;city_oscuro_Test_sp_Noise_03_3__2;26.83576;0.7661412;0.22406505;0.27389556;4.721403
31;city_oscuro_Test_sp_Noise_03_3__3;26.878908;0.7675604;0.2201617;0.2732049;3.916908
31;city_oscuro_Test_Gaussian_Noise_03_BlurGaussian_1_5_3__1;22.700811;0.19275355;0.92504096;1.4986039;4.842735
31;city_oscuro_Test_Gaussian_Noise_03_BlurGaussian_1_5_3__2;22.700994;0.19276258;0.92650187;1.5001447;5.7830615
31;city_oscuro_Test_Gaussian_Noise_03_BlurGaussian_1_5_3__3;22.701727;0.1926732;0.9267528;1.5003759;6.0199766
31;city_oscuro_Test_Gaussian_Noise_03_BlurGaussian_05_03_3__1;25.418694;0.6389066;0.3688675;0.53718233;24.367945
31;city_oscuro_Test_Gaussian_Noise_03_BlurGaussian_05_03_3__2;25.931244;0.65418065;0.3339266;0.50101084;17.01611
31;city_oscuro_Test_Gaussian_Noise_03_BlurGaussian_05_03_3__3;26.181698;0.6620378;0.3111173;0.44912553;10.73228
31;city_oscuro_Test_RSS_SS_ST_3__1;26.8819;0.7684521;0.20556301;0.2565276;0.9921278
31;city_oscuro_Test_RSS_SS_ST_3__2;26.897058;0.7689646;0.2050662;0.2547073;0.94503367
31;city_oscuro_Test_RSS_SS_ST_3__3;26.903185;0.76920974;0.20496586;0.25611362;0.93614954
31;city_oscuro_Test_RSS_SS_3__1;26.881899;0.76845205;0.2055631;0.2565274;0.9921566
31;city_oscuro_Test_RSS_SS_3__2;26.897058;0.7689646;0.2050662;0.25470722;0.9450276
31;city_oscuro_Test_RSS_SS_3__3;26.903185;0.7692096;0.20496602;0.25611207;0.93613684
17;Patin_360_Test_control_10__1;31.910658;0.95057046;0.049524;0.43284476;0.3857912
17;Patin_360_Test_control_10__2;31.910656;0.95057046;0.049523886;0.43284437;0.3857731
17;Patin_360_Test_control_10__3;31.910658;0.95057046;0.04952395;0.43284437;0.38577506
17;Patin_360_Test_control_10__4;31.910658;0.95057046;0.04952395;0.43284437;0.38577506
17;Patin_360_Test_control_10__5;31.910658;0.95057046;0.049523935;0.43284437;0.38577422
17;Patin_360_Test_control_10__6;31.910658;0.95057046;0.049523983;0.43284452;0.38577226
17;Patin_360_Test_control_10__7;31.910658;0.95057046;0.049523998;0.43284452;0.38578185
17;Patin_360_Test_control_10__8;31.910658;0.95057046;0.049523998;0.43284452;0.38578185
17;Patin_360_Test_control_10__9;31.910658;0.95057046;0.049523998;0.43284452;0.38578185
17;Patin_360_Test_control_10__10;31.910658;0.95057046;0.049523998;0.43284452;0.38578185
17;Patin_360_Test_control_3__1;31.910656;0.9505705;0.04952395;0.43284515;0.38576457
17;Patin_360_Test_control_3__2;31.910656;0.9505705;0.04952385;0.43284437;0.38574922
17;Patin_360_Test_control_3__3;31.910658;0.9505705;0.049523972;0.4328443;0.38576543
17;Patin_360_Test_RSS_2_1_10__1;31.919876;0.9505187;0.049747813;0.4332655;0.4081601
17;Patin_360_Test_RSS_2_1_10__2;31.932983;0.9505564;0.049750455;0.4337661;0.39876553
17;Patin_360_Test_RSS_2_1_10__3;31.913986;0.95055044;0.049704026;0.43328205;0.40006956
17;Patin_360_Test_RSS_2_1_10__4;31.91859;0.9505594;0.049681827;0.43376744;0.39605978
17;Patin_360_Test_RSS_2_1_10__5;31.91321;0.9505355;0.04969677;0.43346643;0.39693204
17;Patin_360_Test_RSS_2_1_10__6;31.925812;0.95056283;0.049732264;0.4340267;0.39531308
17;Patin_360_Test_RSS_2_1_10__7;31.922234;0.9505582;0.049713798;0.4333764;0.39565137
17;Patin_360_Test_RSS_2_1_10__8;31.922066;0.9505653;0.049658723;0.43384936;0.394264
17;Patin_360_Test_RSS_2_1_10__9;31.92397;0.95056695;0.04968131;0.43378335;0.39559716
17;Patin_360_Test_RSS_2_1_10__10;31.92567;0.9505658;0.049674444;0.43380153;0.39516735
17;Patin_360_Test_RSS_RS_2_1_10__1;31.919876;0.9505187;0.049747832;0.4332658;0.40815657
17;Patin_360_Test_RSS_RS_2_1_10__2;32.02314;0.9514499;0.050067164;0.43505663;0.34873897
17;Patin_360_Test_RSS_RS_2_1_10__3;32.03079;0.9516897;0.050736643;0.43611118;0.3442559
17;Patin_360_Test_RSS_RS_2_1_10__4;32.029;0.9516189;0.051256947;0.43714145;0.3311362
17;Patin_360_Test_RSS_RS_2_1_10__5;32.014374;0.9515182;0.051123448;0.43730363;0.33748215
17;Patin_360_Test_RSS_RS_2_1_10__6;32.03095;0.9516543;0.051144704;0.43706003;0.33478832
17;Patin_360_Test_RSS_RS_2_1_10__7;32.022903;0.9516018;0.051114634;0.43671018;0.33368358
17;Patin_360_Test_RSS_RS_2_1_10__8;32.022068;0.9515929;0.05128076;0.43712455;0.32941797
17;Patin_360_Test_RSS_RS_2_1_10__9;32.019596;0.9515424;0.051212635;0.43740728;0.33080542
17;Patin_360_Test_RSS_RS_2_1_10__10;32.02669;0.9516283;0.051228687;0.4371377;0.33253643
17;Patin_360_Test_RSS_RS_2_1_3__1;31.916733;0.9505625;0.04968147;0.43324426;0.39820787
17;Patin_360_Test_RSS_RS_2_1_3__2;32.02142;0.95146537;0.0500232;0.435017;0.34761816
17;Patin_360_Test_RSS_RS_2_1_3__3;32.02911;0.95173126;0.05070085;0.43649498;0.34352133
17;Patin_360_Test_RSS_RS_RT_2_1_3__1;32.07973;0.9516996;0.053432293;0.45198208;0.7472397
17;Patin_360_Test_RSS_RS_RT_2_1_3__2;32.122337;0.9521351;0.053962987;0.45410553;0.5153943
17;Patin_360_Test_RSS_RS_RT_2_1_3__3;32.134537;0.95236665;0.054780107;0.45423424;0.49999556
17;Patin_360_Test_RSS_RT_2_1_3__1;32.07973;0.9516996;0.053432293;0.45198202;0.74727213
17;Patin_360_Test_RSS_RT_2_1_3__2;32.080803;0.9517528;0.052958086;0.45256993;0.678225
17;Patin_360_Test_RSS_RT_2_1_3__3;32.080063;0.9517851;0.052909598;0.4529543;0.6473159
17;Patin_360_Test_RSS_2_1_3__1;31.916735;0.9505625;0.04968138;0.4332434;0.3981861
17;Patin_360_Test_RSS_2_1_3__2;31.925684;0.9505366;0.049617603;0.43413684;0.38939226
17;Patin_360_Test_RSS_2_1_3__3;31.920008;0.95056254;0.049639985;0.4335753;0.3913018
17;Patin_360_Test_RSS_BB_2_1_3__1;31.925014;0.9505367;0.049764983;0.44263008;0.39833364
17;Patin_360_Test_RSS_BB_2_1_3__2;31.922533;0.950459;0.04960029;0.44289315;0.3933841
17;Patin_360_Test_RSS_BB_2_1_3__3;31.917301;0.95049846;0.049588136;0.44262302;0.39168197
17;Patin_360_Test_Salt_Noise_03_3__1;31.41139;0.9435897;0.14775641;0.6714353;16.54478
17;Patin_360_Test_Salt_Noise_03_3__2;31.599117;0.9417616;0.17286304;0.78504455;18.37928
17;Patin_360_Test_Salt_Noise_03_3__3;31.752514;0.94370985;0.1569029;0.6854786;16.835318
17;Patin_360_Test_Gaussian_Noise_03_3__1;29.087769;0.637696;0.52484345;4.3030825;38.844894
17;Patin_360_Test_Gaussian_Noise_03_3__2;30.355215;0.72732854;0.46755987;3.081579;21.418585
17;Patin_360_Test_Gaussian_Noise_03_3__3;30.90411;0.7827486;0.4285193;1.949498;17.219597
17;Patin_360_Test_sp_Noise_03_3__1;31.716032;0.9478662;0.09209454;0.52885664;7.383534
17;Patin_360_Test_sp_Noise_03_3__2;31.729193;0.9448853;0.14921373;0.58996034;13.044074
17;Patin_360_Test_sp_Noise_03_3__3;31.803833;0.9449586;0.14919585;0.57932746;12.329949
17;Patin_360_Test_Gaussian_Noise_03_BlurGaussian_1_5_3__1;30.10632;0.8757046;0.32565984;1.5647112;3.6228738
17;Patin_360_Test_Gaussian_Noise_03_BlurGaussian_1_5_3__2;30.13248;0.8770977;0.3132823;1.5653435;5.2733474
17;Patin_360_Test_Gaussian_Noise_03_BlurGaussian_1_5_3__3;30.141058;0.87827086;0.31116372;1.5654453;5.580614
17;Patin_360_Test_Gaussian_Noise_03_BlurGaussian_05_03_3__1;32.1737;0.949563;0.06678508;0.55683863;1.1111102
17;Patin_360_Test_Gaussian_Noise_03_BlurGaussian_05_03_3__2;31.70093;0.8793181;0.20611235;1.0638943;23.528202
17;Patin_360_Test_Gaussian_Noise_03_BlurGaussian_05_03_3__3;31.814762;0.8915374;0.20492731;0.7830736;19.73402
17;Patin_360_Test_RSS_SS_ST_3__1;31.916735;0.9505625;0.04968147;0.43324333;0.3982136
17;Patin_360_Test_RSS_SS_ST_3__2;31.925682;0.9505366;0.049617633;0.43413576;0.38940355
17;Patin_360_Test_RSS_SS_ST_3__3;31.920008;0.95056254;0.049639814;0.43357575;0.39131373
17;Patin_360_Test_RSS_SS_3__1;31.916735;0.9505625;0.049681515;0.43324333;0.39819753
17;Patin_360_Test_RSS_SS_3__2;31.925686;0.9505366;0.049617644;0.4341358;0.3893887
17;Patin_360_Test_RSS_SS_3__3;31.920004;0.95056254;0.04964;0.43357646;0.39130476
18;Patin_Test_control_10__1;36.148983;0.97938627;0.026539747;0.2751459;0.14976263
18;Patin_Test_control_10__2;36.148983;0.97938627;0.02653979;0.2751487;0.14975919
18;Patin_Test_control_10__3;36.148983;0.97938627;0.026539754;0.27514845;0.14975555
18;Patin_Test_control_10__4;36.148983;0.97938627;0.026539767;0.2751487;0.14976066
18;Patin_Test_control_10__5;36.148983;0.97938627;0.026539776;0.27514863;0.14975196
18;Patin_Test_control_10__6;36.14898;0.97938627;0.026539769;0.27514845;0.14975215
18;Patin_Test_control_10__7;36.14898;0.97938627;0.026539749;0.27514845;0.14974755
18;Patin_Test_control_10__8;36.14898;0.97938627;0.026539763;0.2751487;0.14975476
18;Patin_Test_control_10__9;36.14898;0.97938627;0.026539728;0.27514848;0.14975183
18;Patin_Test_control_10__10;36.14898;0.97938627;0.026539735;0.27514848;0.14975247
18;Patin_Test_control_3__1;36.148983;0.9793864;0.026539758;0.27514896;0.14975682
18;Patin_Test_control_3__2;36.14898;0.97938627;0.02653974;0.2751488;0.14976469
18;Patin_Test_control_3__3;36.14898;0.97938627;0.02653977;0.27514878;0.14975873
18;Patin_Test_RSS_2_1_10__1;36.148293;0.9794056;0.026466137;0.27541977;0.15053894
18;Patin_Test_RSS_2_1_10__2;36.148003;0.97942024;0.026431896;0.2752949;0.14801753
18;Patin_Test_RSS_2_1_10__3;36.149723;0.97942924;0.026406886;0.2756819;0.14652187
18;Patin_Test_RSS_2_1_10__4;36.150673;0.9794356;0.026394388;0.27572808;0.14822203
18;Patin_Test_RSS_2_1_10__5;36.151756;0.9794362;0.02642113;0.2758341;0.14951499
18;Patin_Test_RSS_2_1_10__6;36.151638;0.979436;0.026409768;0.2762597;0.14951923
18;Patin_Test_RSS_2_1_10__7;36.152466;0.97944045;0.026398858;0.27612427;0.14815083
18;Patin_Test_RSS_2_1_10__8;36.15293;0.9794435;0.026394356;0.27600497;0.14947
18;Patin_Test_RSS_2_1_10__9;36.152767;0.9794436;0.026405936;0.2756881;0.14911075
18;Patin_Test_RSS_2_1_10__10;36.152325;0.97944236;0.026400302;0.27598405;0.14845575
18;Patin_Test_RSS_RS_2_1_10__1;36.148293;0.97940546;0.026466059;0.27541977;0.15055165
18;Patin_Test_RSS_RS_2_1_10__2;36.21652;0.97989297;0.026028877;0.27878344;0.14131698
18;Patin_Test_RSS_RS_2_1_10__3;36.25593;0.9800804;0.026444376;0.28025955;0.1317603
18;Patin_Test_RSS_RS_2_1_10__4;36.244602;0.9801591;0.026726969;0.28191525;0.13406226
18;Patin_Test_RSS_RS_2_1_10__5;36.237595;0.98006797;0.026665036;0.28186908;0.13326988
18;Patin_Test_RSS_RS_2_1_10__6;36.24154;0.9801075;0.026594538;0.2820439;0.13503255
18;Patin_Test_RSS_RS_2_1_10__7;36.252182;0.9801047;0.026553662;0.2816952;0.13182041
18;Patin_Test_RSS_RS_2_1_10__8;36.245667;0.9801595;0.026755586;0.28203413;0.13509919
18;Patin_Test_RSS_RS_2_1_10__9;36.241898;0.98008573;0.026686745;0.28222537;0.13410169
18;Patin_Test_RSS_RS_2_1_10__10;36.243423;0.98011804;0.026621826;0.2820552;0.1357966
